date,rome,total_annonce,recuperees,nouvelles
2026-10-06,D1415,24,24,24
2026-10-06,D1438,23,23,22
2026-10-06,D1506,8,8,7
2026-10-06,E1101,211,50,50
2026-10-06,E1103,0,0,0
2026-10-06,E1107,61,50,46
2026-10-06,E1112,97,50,50
2026-10-06,E1113,65,50,50
2026-10-06,E1124,16,16,16
2026-10-06,E1404,7,7,7
2026-10-06,E1405,7,7,7
2026-10-06,E1406,0,0,0
2026-10-06,M1426,0,0,0
2026-10-06,M1430,1,1,0
2026-10-06,M1620,50,50,40
2026-10-06,M1703,51,50,50
2026-10-06,M1705,4,4,4
2026-10-06,M1706,1,1,1
2026-10-06,M1711,0,0,0
2026-10-06,M1716,0,0,0
2026-10-06,M1718,12,12,12
2026-10-06,M1719,19,19,10
2026-10-06,M1886,2,2,2
