num,id,strate,regex_teletravail,regex_langue_etrangere,regex_orientation_commerciale,regex_horaires_atypiques
1,213QCQS,aucun_dictionnaire,0,0,0,0
2,7095683,aucun_dictionnaire,0,0,0,0
3,7031192,aucun_dictionnaire,0,0,0,0
4,213QPTY,positive_orientation_commerciale,0,0,1,0
5,213ZKKQ,positive_orientation_commerciale,0,0,1,0
6,207WCJF,positive_horaires_atypiques,0,0,1,1
7,6710585,aucun_dictionnaire,0,0,0,0
8,5677580,positive_langue_etrangere,0,1,0,0
9,213MNPD,positive_langue_etrangere,1,1,0,0
10,214BPMD,positive_teletravail,1,0,1,0
11,213XBNB,aucun_dictionnaire,0,0,0,0
12,214NPNF,aucun_dictionnaire,0,0,0,0
13,7476616,positive_orientation_commerciale,0,0,1,1
14,214NSZF,positive_langue_etrangere,0,1,1,0
15,7665690,aucun_dictionnaire,0,0,0,0
16,7676278,aucun_dictionnaire,0,0,0,0
17,6710841,aucun_dictionnaire,0,0,0,0
18,213SGDP,positive_langue_etrangere,0,1,1,0
19,213TMMG,positive_teletravail,1,1,0,1
20,210SLYH,positive_langue_etrangere,0,1,1,1
21,3953545,aucun_dictionnaire,0,0,0,0
22,214CFNL,aucun_dictionnaire,0,0,0,0
23,6361514,positive_langue_etrangere,1,1,1,0
24,212QTWP,positive_horaires_atypiques,0,0,0,1
25,214HRGL,positive_teletravail,1,1,0,1
26,214BFKB,positive_teletravail,1,0,1,0
27,6945077,aucun_dictionnaire,0,0,0,0
28,7095825,positive_horaires_atypiques,0,0,0,1
29,214KNSZ,positive_orientation_commerciale,0,0,1,0
30,214CKDY,aucun_dictionnaire,0,0,0,0
31,7389375,aucun_dictionnaire,0,0,0,0
32,213HNVH,positive_horaires_atypiques,0,0,0,1
33,6591602,aucun_dictionnaire,0,0,0,0
34,214DTZD,aucun_dictionnaire,0,0,0,0
35,6848264,aucun_dictionnaire,0,0,0,0
36,213RGCK,positive_orientation_commerciale,0,1,1,0
37,214DKVM,aucun_dictionnaire,0,0,0,0
38,7093523,aucun_dictionnaire,0,0,0,0
39,7516140,positive_horaires_atypiques,0,0,0,1
40,213KHWB,positive_horaires_atypiques,1,1,0,1
41,5882363,aucun_dictionnaire,0,0,0,0
42,6944111,positive_langue_etrangere,0,1,0,0
43,212VWCK,positive_orientation_commerciale,0,0,1,0
44,7399043,aucun_dictionnaire,0,0,0,0
45,6576185,aucun_dictionnaire,0,0,0,0
46,214CLMK,positive_orientation_commerciale,0,0,1,0
47,214LYXK,positive_orientation_commerciale,0,1,1,1
48,213DRFY,aucun_dictionnaire,0,0,0,0
49,6690894,positive_teletravail,1,1,0,0
50,6710693,aucun_dictionnaire,0,0,0,0
51,213WNWF,aucun_dictionnaire,0,0,0,0
52,6744712,positive_orientation_commerciale,1,0,1,0
53,214LCXN,aucun_dictionnaire,0,0,0,0
54,214SDPT,positive_langue_etrangere,0,1,0,1
55,7406465,positive_langue_etrangere,0,1,0,0
56,213ZVCH,positive_horaires_atypiques,0,0,0,1
57,6881744,aucun_dictionnaire,0,0,0,0
58,7450804,aucun_dictionnaire,0,0,0,0
59,214PRRX,aucun_dictionnaire,0,0,0,0
60,6270416,positive_horaires_atypiques,0,0,0,1
61,214CLVG,positive_orientation_commerciale,0,0,1,0
62,6966387,aucun_dictionnaire,0,0,0,0
63,213TMSC,positive_langue_etrangere,0,1,0,1
64,213MSXJ,positive_langue_etrangere,0,1,1,1
65,213VMQS,aucun_dictionnaire,0,0,0,0
66,214HQRP,positive_orientation_commerciale,0,0,1,0
67,7165182,aucun_dictionnaire,0,0,0,0
68,7095684,aucun_dictionnaire,0,0,0,0
69,7514746,aucun_dictionnaire,0,0,0,0
70,6966412,aucun_dictionnaire,0,0,0,0
71,6882057,positive_orientation_commerciale,0,0,1,0
72,7518038,positive_teletravail,1,0,0,1
73,6944855,aucun_dictionnaire,0,0,0,0
74,7665783,aucun_dictionnaire,0,0,0,0
75,7348130,positive_teletravail,1,0,0,0
76,212TSZH,aucun_dictionnaire,0,0,0,0
77,214JQKT,aucun_dictionnaire,0,0,0,0
78,213CRYT,positive_orientation_commerciale,0,0,1,0
79,213WMRN,positive_langue_etrangere,0,1,0,0
80,5202824,positive_teletravail,1,0,0,0
81,6944056,aucun_dictionnaire,0,0,0,0
82,4590618,positive_horaires_atypiques,0,0,0,1
83,213WPJD,aucun_dictionnaire,0,0,0,0
84,6688737,aucun_dictionnaire,0,0,0,0
85,213LQWB,positive_langue_etrangere,1,1,0,0
86,3953523,aucun_dictionnaire,0,0,0,0
87,6782139,positive_teletravail,1,0,0,0
88,213MXKB,aucun_dictionnaire,0,0,0,0
89,213JSNT,positive_teletravail,1,0,1,0
90,7096495,aucun_dictionnaire,0,0,0,0
91,213WJGT,positive_langue_etrangere,0,1,0,1
92,214PRPL,aucun_dictionnaire,0,0,0,0
93,212QSJV,positive_teletravail,1,0,0,0
94,213YLKG,positive_horaires_atypiques,1,0,0,1
95,6881547,aucun_dictionnaire,0,0,0,0
96,7517353,aucun_dictionnaire,0,0,0,0
97,211KYCT,positive_orientation_commerciale,0,0,1,1
98,7061294,positive_horaires_atypiques,0,0,0,1
99,214CHBD,aucun_dictionnaire,0,0,0,0
100,214SNXN,positive_teletravail,1,1,0,0
101,214HKRR,aucun_dictionnaire,0,0,0,0
102,6881737,aucun_dictionnaire,0,0,0,0
103,213MPPT,aucun_dictionnaire,0,0,0,0
104,7095446,aucun_dictionnaire,0,0,0,0
105,6531674,positive_teletravail,1,0,0,0
106,6710646,positive_horaires_atypiques,0,0,1,1
107,7565460,positive_langue_etrangere,0,1,0,0
108,213LQVG,positive_teletravail,1,1,0,0
109,214PHSZ,positive_horaires_atypiques,0,0,0,1
110,214NRQS,aucun_dictionnaire,0,0,0,0
111,213HHHY,positive_orientation_commerciale,0,0,1,0
112,214VTJZ,aucun_dictionnaire,0,0,0,0
113,5947269,positive_teletravail,1,0,1,0
114,214PHSC,positive_horaires_atypiques,0,0,0,1
115,213LKZX,aucun_dictionnaire,0,0,0,0
116,214DHQK,aucun_dictionnaire,0,0,0,0
117,6882049,positive_horaires_atypiques,0,0,0,1
118,6710662,aucun_dictionnaire,0,0,0,0
119,6943834,aucun_dictionnaire,0,0,0,0
120,7569221,aucun_dictionnaire,0,0,0,0
